-12359174.5663659,5722835.86858214,1533.82690429688,0,94.2641449319404
-12359169.5838042,5722835.45169062,1533.82690429688,5,94.9494826124111
-12359164.606413,5722834.97703621,1534.28576660156,10,95.9474073361858
-12359159.634862,5722834.44468274,1534.28576660156,15,95.9474073361858
-12359154.66982,5722833.85470185,1534.74572753906,20,96.9453320453484
-12359149.7119549,5722833.2071729,1534.74572753906,25,97.9432567694111
-12359144.7619338,5722832.50218301,1534.74572753906,30,97.9432567694111
-12359139.8204226,5722831.73982703,1535.24768066406,35,98.9411814760555
-12359134.8880861,5722830.92020751,1535.24768066406,40,99.9391061880352
-12359129.9655878,5722830.04343472,1535.58776855469,45,99.9391061880352
-12359125.0535901,5722829.10962661,1535.58776855469,50,100.937030902083
-12359120.1527536,5722828.11890883,1535.94177246094,55,101.934955615644
-12359115.2637378,5722827.07141464,1535.94177246094,60,101.934955615644
-12359110.3872003,5722825.96728497,1536.33569335938,65,102.932880332546
-12359105.5237973,5722824.80666836,1536.33569335938,70,103.930805039022
-12359100.6741831,5722823.58972096,1536.7177734375,75,103.930805039022
-12359095.8390099,5722822.31660648,1536.7177734375,80,104.928729760993
-12359091.0189284,5722820.9874962,1537.14770507812,85,105.926654474963
-12359086.214587,5722819.60256893,1537.14770507812,90,105.926654474963
-12359081.4266321,5722818.16201099,1537.98181152344,95,106.92457917938
-12359076.6557077,5722816.66601617,1537.70837402344,100,107.922503903629
-12359071.9024558,5722815.11478575,1539.13427734375,105,107.922503903629
-12359067.1675158,5722813.50852841,1539.13427734375,110,108.92042861678
-12359062.4515247,5722811.84746024,1540.88037109375,115,109.918353322504
-12359057.7551169,5722810.13180473,1540.88037109375,120,109.918353322504
-12359053.0789243,5722808.36179266,1540.88037109375,125,110.916278040928
-12359048.423576,5722806.53766219,1542.68432617188,130,111.914202750689
-12359043.7896983,5722804.65965869,1542.68432617188,135,111.914202750689
-12359039.1779146,5722802.72803485,1544.62426757812,140,112.912127468745
-12359034.5888453,5722800.74305051,1544.50427246094,145,113.9100521811
-12359030.0231078,5722798.70497272,1546.93237304688,150,113.9100521811
-12359025.4813164,5722796.61407568,1546.93237304688,155,114.907976896502
-12359020.9640821,5722794.47064068,1549.22229003906,160,115.905901608902
-12359016.4720125,5722792.27495607,1549.22229003906,165,115.905901608902
-12359012.0057121,5722790.02731726,1549.22229003906,170,116.903826324724
-12359007.5657817,5722787.72802663,1551.16430664062,175,117.901751040517
-12359003.1528185,5722785.3773935,1551.404296875,180,117.901751040517
-12358998.7674164,5722782.97573411,1553.29760742188,185,118.899675747984
-12358994.4101652,5722780.52337157,1553.29760742188,190,119.89760046064
-12358990.0816512,5722778.0206358,1555.11364746094,195,119.89760046064
-12358985.7824568,5722775.46786349,1555.11364746094,200,120.895525183047
-12358981.5131601,5722772.86539809,1555.11364746094,205,121.893449889779
-12358977.2743358,5722770.21358971,1557.11962890625,210,121.893449889779
-12358973.0665539,5722767.5127951,1557.11962890625,215,122.891374597393
-12358968.8903806,5722764.76337761,1558.81164550781,220,123.889299326363
-12358964.7463778,5722761.96570713,1558.81164550781,225,123.889299326363
-12358960.6351029,5722759.12016004,1558.81164550781,230,124.887224027269
-12358956.557109,5722756.22711916,1560.11560058594,235,125.885148746571
-12358952.5129447,5722753.28697369,1560.11560058594,240,125.885148746571
-12358948.5031542,5722750.30011918,1561.52758789062,245,126.8830734655
-12358944.5282769,5722747.26695747,1561.52758789062,250,127.880998167081
-12358940.5888475,5722744.18789662,1561.52758789062,255,127.880998167081
-12358936.685396,5722741.06335085,1562.12158203125,260,128.878922887432
-12358932.8184476,5722737.89374053,1562.12158203125,265,129.876847603005
-12358928.9885225,5722734.67949207,1562.12158203125,270,129.876847603005
-12358925.1961359,5722731.42103789,1563.10961914062,275,130.874772316881
-12358921.441798,5722728.11881636,1562.07556152344,280,131.872697022427
-12358917.726014,5722724.77327175,1562.07556152344,285,131.872697022427
-12358914.0492837,5722721.38485413,1562.98364257812,290,132.870621750767
-12358910.4121017,5722717.95401937,1562.98364257812,295,133.868546453218
-12358906.8149575,5722714.48122902,1563.87756347656,300,133.868546453218
-12358903.2583348,5722710.96695028,1562.19165039062,305,134.866471170903
-12358899.7427123,5722707.41165595,1562.19165039062,310,135.864395884249
-12358896.2685628,5722703.81582432,1563.07958984375,315,135.864395884249
-12358892.8363538,5722700.17993916,1563.07958984375,320,136.862320595192
-12358889.4465469,5722696.50448961,1561.54870605469,325,137.860245307807
-12358886.0995983,5722692.78997015,1562.474609375,330,137.860245307807
-12358882.7959583,5722689.03688049,1562.474609375,335,138.858170023289
-12358879.5360712,5722685.24572555,1562.474609375,340,139.856094738949
-12358876.3203756,5722681.41701537,1563.37060546875,345,139.856094738949
-12358873.1493041,5722677.55126503,1563.37060546875,350,140.854019458376
-12358870.0232835,5722673.64899461,1563.37060546875,355,141.851944161601
-12358866.9427341,5722669.71072908,1564.37268066406,360,141.851944161601
-12358863.9080705,5722665.73699829,1565.95068359375,365,142.849868877432
-12358860.9197009,5722661.72833682,1565.95068359375,370,143.847793596693
-12358857.9780273,5722657.68528397,1565.95068359375,375,143.847793596693
-12358855.0834455,5722653.60838367,1568.40869140625,380,144.845718306971
-12358852.236345,5722649.49818439,1568.40869140625,385,145.843643025939
-12358849.4371086,5722645.35523909,1568.40869140625,390,145.843643025939
-12358846.6861132,5722641.18010513,1568.40869140625,395,146.841567723891
-12358843.9837286,5722636.97334421,1570.23864746094,400,147.83949245807
-12358841.3303185,5722632.73552228,1570.23864746094,405,147.83949245807
-12358838.7262399,5722628.46720946,1570.23864746094,410,148.837417157044
-12358836.1718431,5722624.16897998,1570.43469238281,415,149.83534187845
-12358833.6674718,5722619.84141209,1571.69116210938,420,149.83534187845
-12358831.2134628,5722615.485088,1571.69116210938,425,150.833266594964
-12358828.8101463,5722611.10059378,1571.69116210938,430,151.831191296088
-12358826.4578456,5722606.68851928,1571.46313476562,435,151.831191296088
-12358824.1568773,5722602.24945807,1572.77319335938,440,152.829116014877
-12358821.9075508,5722597.78400736,1572.77319335938,445,153.827040734191
-12358819.7101688,5722593.29276789,1572.16711425781,450,153.827040734191
-12358817.5650268,5722588.77634388,1572.16711425781,455,154.824965438955
-12358815.4724136,5722584.23534295,1572.16711425781,460,155.822890160726
-12358813.4326105,5722579.670376,1572.58569335938,465,155.822890160726
-12358811.4458921,5722575.08205718,1572.58569335938,470,156.8208148792
-12358809.5125256,5722570.47100377,1572.58569335938,475,157.818739583512
-12358807.6327711,5722565.8378361,1571.56372070312,480,157.818739583512
-12358805.8068814,5722561.18317749,1571.56372070312,485,158.816664297304
-12358804.0351023,5722556.50765414,1572.75769042969,490,159.814589010345
-12358802.3176721,5722551.81189507,1572.75769042969,495,159.814589010345
-12358800.6548219,5722547.09653201,1571.66577148438,500,160.812513729458
-12358799.0467753,5722542.36219933,1571.66577148438,505,161.810438440464
-12358797.4937487,5722537.60953396,1571.66577148438,510,161.810438440464
-12358795.9959511,5722532.83917529,1570.57971191406,515,162.808363156014
-12358794.5535838,5722528.05176508,1571.91967773438,520,163.806287861155
-12358793.1668411,5722523.2479474,1571.91967773438,525,163.806287861155
-12358791.8359094,5722518.42836853,1571.47375488281,530,164.804212577916
-12358790.5609677,5722513.59367686,1571.47375488281,535,165.802137296748
-12358789.3421877,5722508.74452281,1571.47375488281,540,165.802137296748
-12358788.1797333,5722503.88155875,1571.56970214844,545,166.80006200917
-12358787.0737608,5722499.00543892,1571.56970214844,550,167.797986721422
-12358786.0244191,5722494.11681931,1571.56970214844,555,167.797986721422
-12358785.0318494,5722489.2163576,1571.62976074219,560,168.795911446147
-12358784.0961851,5722484.30471306,1571.62976074219,565,169.793836148944
-12358783.2175521,5722479.38254648,1573.3857421875,570,169.793836148944
-12358782.3960687,5722474.45052005,1572.92370605469,575,170.791760853366
-12358781.6318453,5722469.50929729,1572.92370605469,580,171.789685589422
-12358780.9249848,5722464.55954295,1572.92370605469,585,171.789685589422
-12358780.2755823,5722459.60192295,1572.27526855469,590,172.787610280927
-12358779.6837252,5722454.63710424,1572.27526855469,595,173.785535006928
-12358779.149493,5722449.66575476,1572.27526855469,600,173.785535006928
-12358778.6729576,5722444.68854331,1571.56726074219,605,174.783459714175
-12358778.2541832,5722439.7061395,1571.56726074219,610,175.78138443489
-12358777.893226,5722434.71921363,1571.56726074219,615,175.78138443489
-12358777.5901348,5722429.7284366,1570.80725097656,620,176.779309155208
-12358777.3449501,5722424.73447983,1570.80725097656,625,177.777233850553
-12358777.157705,5722419.73801518,1570.80725097656,630,177.777233850553
-12358777.0284247,5722414.73971483,1569.89123535156,635,178.775158580841
-12358776.9571267,5722409.74025123,1569.89123535156,640,179.773083282279
-12358776.9438204,5722404.74029697,1569.89123535156,645,179.773083282279
-12358776.9885076,5722399.7405247,1569.11120605469,650,180.771008004271
-12358777.0911824,5722394.74160705,1569.11120605469,655,181.768932717448
-12358777.251831,5722389.74421656,1569.11120605469,660,181.768932717448
-12358777.4704317,5722384.74902552,1568.447265625,665,182.766857420847
-12358777.7469552,5722379.75670597,1568.447265625,670,183.764782150818
-12358778.0813641,5722374.76792953,1567.92126464844,675,183.764782150818
-12358778.4736136,5722369.78336736,1567.92126464844,680,184.762706857553
-12358778.9236508,5722364.80369004,1567.92126464844,685,185.76063155917
-12358779.4314153,5722359.82956751,1567.92126464844,690,185.76063155917
-12358779.9968387,5722354.86166894,1567.39318847656,695,186.758556291712
-12358780.6198449,5722349.9006627,1567.39318847656,700,187.756480998446
-12358781.3003501,5722344.94721619,1566.61083984375,705,187.756480998446
-12358782.0382628,5722340.00199581,1566.61083984375,710,188.754405705675
-12358782.8334837,5722335.06566687,1566.61083984375,715,189.752330428954
-12358783.6859059,5722330.13889346,1565.47485351562,720,189.752330428954
-12358784.5954145,5722325.22233839,1563.27880859375,725,190.750255133627
-12358785.5618874,5722320.31666311,1563.27880859375,730,191.748179857103
-12358786.5851944,5722315.42252759,1561.72888183594,735,191.748179857103
-12358787.6651979,5722310.54059025,1561.72888183594,740,192.74610456599
-12358788.8017525,5722305.67150787,1561.72888183594,745,193.744029274062
-12358789.9947055,5722300.81593551,1560.19689941406,750,193.744029274062
-12358791.2438963,5722295.97452641,1560.19689941406,755,194.741953996363
-12358792.5491568,5722291.14793188,1560.19689941406,760,195.73987871
-12358793.9103114,5722286.33680126,1558.46081542969,765,195.73987871
-12358795.3271771,5722281.54178182,1556.53479003906,770,196.737803416463
-12358796.7995631,5722276.76351864,1556.53479003906,775,197.735728126545
-12358798.3272715,5722272.00265456,1556.53479003906,780,197.735728126545
-12358799.9100967,5722267.25983006,1555.03881835938,785,198.733652848122
-12358801.5478257,5722262.53568322,1555.03881835938,790,199.731577563094
-12358803.2402382,5722257.83084959,1555.03881835938,795,199.731577563094
-12358804.9871066,5722253.14596211,1553.14086914062,800,200.729502282326
-12358806.7881958,5722248.48165108,1553.14086914062,805,201.727426980411
-12358808.6432635,5722243.83854398,1553.14086914062,810,201.727426980411
-12358810.5520602,5722239.21726548,1552.47680664062,815,202.725351706762
-12358812.514329,5722234.61843728,1552.47680664062,820,203.723276419452
-12358814.529806,5722230.04267807,1552.47680664062,825,203.723276419452
-12358816.5982199,5722225.49060346,1551.07885742188,830,204.721201127788
-12358818.7192927,5722220.96282584,1551.07885742188,835,205.719125845822
-12358820.8927388,5722216.45995435,1551.07885742188,840,205.719125845822
-12358823.1182659,5722211.98259478,1550.25085449219,845,206.717050560217
-12358825.3955746,5722207.53134947,1549.78686523438,850,207.71497527023
-12358827.7243586,5722203.10681727,1549.78686523438,855,207.71497527023
-12358830.1043044,5722198.70959342,1549.78686523438,860,208.712899979691
-12358832.5350919,5722194.3402695,1549.29479980469,865,209.710824707714
-12358835.0163942,5722189.99943331,1549.29479980469,870,209.710824707714
-12358837.5478774,5722185.68766886,1549.07592773438,875,210.708749415272
-12358840.1292009,5722181.4055562,1548.96997070312,880,211.706674121209
-12358842.7600174,5722177.15367144,1548.96997070312,885,211.706674121209
-12358845.439973,5722172.93258658,1548.96997070312,890,212.704598835229
-12358848.1687073,5722168.7428695,1548.85998535156,895,213.702523560365
-12358850.945853,5722164.58508386,1548.95202636719,900,213.702523560365
-12358853.7710366,5722160.45978901,1548.95202636719,905,214.700448259567
-12358856.6438779,5722156.36753995,1548.85400390625,910,215.698372981526
-12358859.5639905,5722152.30888722,1549.27600097656,915,215.698372981526
-12358862.5309816,5722148.28437684,1549.27600097656,920,216.696297698196
-12358865.5444519,5722144.29455023,1549.27600097656,925,217.694222416978
-12358868.6039961,5722140.33994417,1549.27600097656,930,217.694222416978
-12358871.7092025,5722136.42109068,1549.80993652344,935,218.692147114462
-12358874.8596535,5722132.53851697,1549.80993652344,940,219.690071838773
-12358878.054925,5722128.69274538,1549.78002929688,945,219.690071838773
-12358881.2945874,5722124.88429328,1549.78002929688,950,220.687996545846
-12358884.5782048,5722121.11367305,1550.19799804688,955,221.685921263305
-12358887.9053353,5722117.38139196,1550.05603027344,960,221.685921263305
-12358891.2755314,5722113.68795212,1550.05603027344,965,222.683845982837
-12358894.6883397,5722110.03385042,1550.05603027344,970,223.681770688446
-12358898.1433011,5722106.41957845,1550.26867675781,975,223.681770688446
-12358901.6399506,5722102.84562246,1550.26867675781,980,224.679695408234
-12358905.1778181,5722099.31246327,1550.26867675781,985,225.677620119369
-12358908.7564273,5722095.82057619,1550.056640625,990,225.677620119369
-12358912.375297,5722092.370431,1550.44262695312,995,226.675544829261
-12358916.0339403,5722088.96249187,1550.44262695312,1000,227.673469541683
-12358919.7318649,5722085.59721726,1550.15625,1005,227.673469541683
-12358923.4685734,5722082.27505993,1550.15625,1010,228.671394269546
-12358927.2435631,5722078.9964668,1550.45422363281,1015,229.66931896437
-12358931.056326,5722075.76187897,1550.16223144531,1020,229.66931896437
-12358934.9063493,5722072.57173159,1550.16223144531,1025,230.667243691664
-12358938.793115,5722069.42645383,1549.95825195312,1030,231.665168395666
-12358942.7161002,5722066.32646885,1549.95825195312,1035,231.665168395666
-12358946.6747771,5722063.27219369,1550.38024902344,1040,232.663093117335
-12358950.6686132,5722060.26403925,1550.24816894531,1045,233.661017833089
-12358954.6970711,5722057.30241024,1550.24816894531,1050,233.661017833089
-12358958.7596089,5722054.38770508,1550.24816894531,1055,234.6589425427
-12358962.8556801,5722051.5203159,1550.09826660156,1060,235.656867248358
-12358966.9847336,5722048.70062846,1550.40625,1065,235.656867248358
-12358971.1462138,5722045.9290221,1550.21423339844,1070,236.654791969616
-12358975.339561,5722043.20586969,1550.21423339844,1075,237.652716690952
-12358979.564211,5722040.53153759,1550.21423339844,1080,237.652716690952
-12358983.8195954,5722037.90638558,1549.95422363281,1085,238.650641396176
-12358988.1051418,5722035.33076684,1550.05615234375,1090,239.648566112091
-12358992.4202736,5722032.80502786,1549.77221679688,1095,239.648566112091
-12358996.7644103,5722030.32950845,1549.77221679688,1100,240.646490818632
-12359001.1369674,5722027.90454163,1549.47546386719,1105,241.644415540479
-12359005.5373567,5722025.53045366,1549.47546386719,1110,241.644415540479
-12359009.9649862,5722023.20756392,1549.47546386719,1115,242.642340247704
-12359014.4192602,5722020.93618492,1549.08142089844,1120,243.640264970902
-12359018.8995795,5722018.71662223,1549.08142089844,1125,243.640264970902
-12359023.4053414,5722016.54917446,1548.6494140625,1130,244.638189678371
-12359027.9359396,5722014.43413321,1548.6494140625,1135,245.636114395799
-12359032.4907647,5722012.37178301,1548.20544433594,1140,245.636114395799
-12359037.0692038,5722010.36240131,1548.20544433594,1145,246.634039103606
-12359041.6706411,5722008.40625846,1548.20544433594,1150,247.631963817063
-12359046.2944574,5722006.5036176,1547.71350097656,1155,247.631963817063
-12359050.9400308,5722004.65473472,1547.63745117188,1160,248.629888536555
-12359055.6067362,5722002.85985855,1547.13342285156,1165,249.627813246295
-12359060.2939458,5722001.11923055,1547.13342285156,1170,249.627813246295
-12359065.001029,5721999.4330849,1546.67541503906,1175,250.625737962109
-12359069.7273526,5721997.80164844,1546.67541503906,1180,251.623662679552
-12359074.4722807,5721996.22514065,1546.1875,1185,251.623662679552
-12359079.235175,5721994.70377363,1546.1875,1190,252.621587387851
-12359084.0153947,5721993.23775204,1545.77661132812,1195,253.619512099089
-12359088.8122967,5721991.82727313,1545.77661132812,1200,253.619512099089
-12359093.6252357,5721990.47252664,1545.71850585938,1205,254.617436818114
-12359098.4535642,5721989.17369482,1545.38659667969,1210,255.615361533923
-12359103.2966325,5721987.93095243,1545.38659667969,1215,255.615361533923
-12359108.1537892,5721986.74446664,1545.16052246094,1220,256.613286238966
-12359113.0243808,5721985.61439709,1545.16052246094,1225,257.611210957671
-12359117.9077521,5721984.54089579,1544.892578125,1230,257.611210957671
-12359122.803246,5721983.52410717,1544.892578125,1235,258.609135671306
-12359127.710204,5721982.56416803,1544.59851074219,1240,259.607060388567
-12359132.6279658,5721981.66120751,1544.59851074219,1245,259.607060388567
-12359137.5558701,5721980.81534707,1544.30651855469,1250,260.60498509561
-12359142.4932536,5721980.02670053,1544.30651855469,1255,261.602909812099
-12359147.4394523,5721979.29537398,1544.0205078125,1260,261.602909812099
-12359152.3938006,5721978.62146581,1544.0205078125,1265,262.600834529915
-12359157.3556321,5721978.00506668,1543.73657226562,1270,263.598759238516
-12359162.3242792,5721977.44625951,1543.73657226562,1275,263.598759238516
-12359167.2990735,5721976.94511949,1543.4169921875,1280,264.596683954833
-12359172.2793458,5721976.50171403,1543.4169921875,1285,265.594608665035
-12359177.2644259,5721976.11610279,1542.82092285156,1290,265.594608665035
-12359182.2536432,5721975.78833765,1542.82092285156,1295,266.592533385244
-12359187.2463266,5721975.51846269,1542.37890625,1300,267.590458092736
-12359192.2418043,5721975.30651423,1542.37890625,1305,267.590458092736
-12359197.2394043,5721975.15252078,1541.89892578125,1310,268.588382810432
-12359202.2384542,5721975.05650306,1541.89892578125,1315,269.586307522834
-12359207.2382816,5721975.01847399,1541.38891601562,1320,269.586307522834
-12359212.2382137,5721975.03843867,1541.38891601562,1325,270.584232236262
-12359217.2375779,5721975.11639443,1540.88293457031,1330,271.582156945522
-12359222.2357017,5721975.25233078,1540.88293457031,1335,271.582156945522
-12359227.2319125,5721975.44622943,1540.88293457031,1340,272.580081663575
-12359232.2255384,5721975.6980643,1540.38293457031,1345,273.578006378339
-12359237.2159073,5721976.0078015,1540.38293457031,1350,273.578006378339
-12359242.2005378,5721976.39840659,1539.98498535156,1355,274.948681742761
-12359247.1795065,5721976.85621655,1539.98498535156,1360,275.946615409959
-12359252.1528304,5721977.37174498,1539.48156738281,1365,275.946615409959
-12359257.1198403,5721977.94492254,1539.48156738281,1370,276.944549073255
-12359262.079868,5721978.57567211,1538.98547363281,1375,277.942482732923
-12359267.0322462,5721979.26390884,1538.98547363281,1380,277.942482732923
-12359271.9763086,5721980.00954013,1538.53149414062,1385,278.940416393996
-12359276.9113902,5721980.81246567,1538.53149414062,1390,279.938350053252
-12359281.836827,5721981.67257745,1538.08752441406,1395,279.938350053252
-12359286.7519563,5721982.58975975,1538.08752441406,1400,280.936283722521
-12359291.656117,5721983.56388918,1537.66357421875,1405,281.934217383103
-12359296.5486491,5721984.59483468,1537.66357421875,1410,281.934217383103
-12359301.4288946,5721985.68245757,1537.3515625,1415,282.932151038237
-12359306.2961969,5721986.82661151,1537.3515625,1420,283.930084710625
-12359311.1499012,5721988.02714258,1537.20751953125,1425,283.930084710625
-12359315.9893544,5721989.28388928,1537.20751953125,1430,284.928018361882
-12359320.8139055,5721990.59668252,1537.103515625,1435,285.925952027969
-12359325.6229055,5721991.9653457,1537.45654296875,1440,285.925952027969
-12359330.4157074,5721993.38969468,1537.45654296875,1445,286.923885694311
-12359335.1916663,5721994.86953784,1537.28771972656,1450,287.921819354187
-12359339.9501398,5721996.40467609,1537.28771972656,1455,287.921819354187
-12359344.6904878,5721997.99490291,1536.90771484375,1460,288.919753010897
-12359349.4120723,5721999.64000435,1536.90771484375,1465,289.917686679704
-12359354.1142584,5722001.33975911,1536.54968261719,1470,289.917686679704
-12359358.7964133,5722003.0939385,1536.54968261719,1475,290.915620342123
-12359363.4579071,5722004.90230653,1536.33776855469,1480,291.913554000539
-12359368.0981128,5722006.76461991,1536.427734375,1485,291.913554000539
-12359372.716406,5722008.68062811,1536.09777832031,1490,292.911487662381
-12359377.3121655,5722010.65007335,1536.09777832031,1495,293.90942132829
-12359381.8847729,5722012.67269068,1535.91967773438,1500,293.90942132829
-12359386.4336132,5722014.74820799,1535.91967773438,1505,294.907354983131
-12359390.9580742,5722016.87634606,1535.91967773438,1510,295.90528864839
-12359395.4575475,5722019.05681857,1535.84167480469,1515,295.90528864839
-12359399.9314275,5722021.2893322,1535.92175292969,1520,296.903222316608
-12359404.3791125,5722023.57358658,1535.70373535156,1525,297.90115596968
-12359408.800004,5722025.90927441,1535.70373535156,1530,297.90115596968
-12359413.1935074,5722028.29608147,1535.48413085938,1535,298.89908963546
-12359417.5590315,5722030.73368665,1535.48413085938,1540,299.897023300688
-12359421.895989,5722033.221762,1535.48413085938,1545,299.897023300688
-12359426.2037966,5722035.75997281,1535.31018066406,1550,300.894956960335
-12359430.4818745,5722038.3479776,1535.31018066406,1555,301.892890621362
-12359434.7296473,5722040.9854282,1535.14611816406,1560,301.892890621362
-12359438.9465436,5722043.67196978,1535.14611816406,1565,302.890824286298
-12359443.131996,5722046.40724091,1535.14611816406,1570,303.888757943492
-12359447.2854414,5722049.19087362,1534.94616699219,1575,303.888757943492
-12359451.406321,5722052.0224934,1534.94213867188,1580,304.886691610836
-12359455.4940805,5722054.90171932,1534.72814941406,1585,305.884625269407
-12359459.54817,5722057.82816402,1534.72814941406,1590,305.884625269407
-12359463.5680439,5722060.8014338,1534.72814941406,1595,306.882558926034
-12359467.5531616,5722063.82112866,1534.47412109375,1600,307.8804925941
-12359471.5029868,5722066.88684234,1534.37817382812,1605,307.8804925941
-12359475.4169882,5722069.99816242,1534.08410644531,1610,308.878426257974
-12359479.2946393,5722073.1546703,1534.08410644531,1615,309.876359922603
-12359483.1354183,5722076.35594134,1534.08410644531,1620,309.876359922603
-12359486.9388085,5722079.60154487,1533.79016113281,1625,310.874293574452
-12359490.7042984,5722082.89104423,1533.69213867188,1630,311.872227243707
-12359494.4313812,5722086.22399689,1533.69213867188,1635,311.872227243707
-12359498.1195556,5722089.59995446,1533.40234375,1640,312.870160908779
-12359501.7683253,5722093.01846274,1533.40234375,1645,313.868094567392
-12359505.3771996,5722096.47906185,1533.11437988281,1650,313.868094567392
-12359508.9456929,5722099.98128622,1533.11437988281,1655,314.866028225449
-12359512.4733251,5722103.52466468,1533.11437988281,1660,315.863961889441
-12359515.9596216,5722107.10872053,1533.11437988281,1665,315.863961889441
-12359519.4041134,5722110.73297159,1532.716796875,1670,316.861895552166
-12359522.8063371,5722114.3969303,1532.716796875,1675,317.85982921839
-12359526.1658351,5722118.10010371,1532.716796875,1680,317.85982921839
-12359529.4821552,5722121.84199364,1532.43286132812,1685,318.857762875176
-12359532.7548515,5722125.62209668,1532.32678222656,1690,319.855696535243
-12359535.9834835,5722129.43990427,1532.32678222656,1695,319.855696535243
-12359539.167617,5722133.2949028,1531.99279785156,1700,320.853630203633
-12359542.3068236,5722137.18657364,1531.99279785156,1705,321.851563858081
-12359545.4006809,5722141.11439323,1531.82678222656,1710,321.851563858081
-12359548.4487727,5722145.07783315,1531.53479003906,1715,322.849497531977
-12359551.450689,5722149.07636019,1531.53479003906,1720,323.847431188268
-12359554.4060258,5722153.10943642,1531.53479003906,1725,323.847431188268
-12359557.3143856,5722157.17651925,1531.23681640625,1730,324.84536483922
-12359560.1753772,5722161.27706152,1531.23681640625,1735,325.84329851728
-12359562.9886156,5722165.41051158,1531.23681640625,1740,325.84329851728
-12359565.7537224,5722169.57631335,1531.16687011719,1745,326.841232164817
-12359568.4703255,5722173.77390638,1531.07287597656,1750,327.839165841712
-12359571.1380595,5722178.00272595,1531.07287597656,1755,327.839165841712
-12359573.7565655,5722182.26220316,1531.07287597656,1760,328.837099487929
-12359576.3254912,5722186.55176496,1530.97277832031,1765,329.835033170832
-12359578.844491,5722190.87083427,1530.85717773438,1770,329.835033170832
-12359581.313226,5722195.21883002,1530.85717773438,1775,330.832966820407
-12359583.7313642,5722199.59516728,1530.81518554688,1780,331.830900482963
-12359586.0985801,5722203.99925726,1530.81518554688,1785,331.830900482963
-12359588.4145552,5722208.4305075,1530.67919921875,1790,332.828834144421
-12359590.6789782,5722212.88832182,1530.67919921875,1795,333.826767808161
-12359592.8915442,5722217.37210051,1530.5751953125,1800,333.826767808161
-12359595.0519556,5722221.88124035,1530.5751953125,1805,334.824701469929
-12359597.1599218,5722226.41513472,1530.5751953125,1810,335.822635118113
-12359599.2151592,5722230.97317366,1530.38073730469,1815,335.822635118113
-12359601.2173913,5722235.55474395,1530.38073730469,1820,336.820568803709
-12359603.1663488,5722240.15922923,1530.38073730469,1825,337.818502450034
-12359605.0617693,5722244.78601004,1530.28869628906,1830,337.818502450034
-12359606.903398,5722249.43446393,1530.28869628906,1835,338.816436117809
-12359608.690987,5722254.10396552,1530.21667480469,1840,339.814369776274
-12359610.424296,5722258.79388662,1530.08679199219,1845,339.814369776274
-12359612.1030916,5722263.50359627,1530.08679199219,1850,340.812303445738
-12359613.727148,5722268.23246087,1530.08679199219,1855,341.810237097967
-12359615.2962468,5722272.97984422,1529.90673828125,1860,341.810237097967
-12359616.8101769,5722277.74510764,1529.90673828125,1865,342.808170772113
-12359618.2687345,5722282.52761006,1529.90673828125,1870,343.806104430206
-12359619.6717235,5722287.32670806,1529.61877441406,1875,343.806104430206
-12359621.0189551,5722292.141756,1529.61877441406,1880,344.804038087042
-12359622.3102481,5722296.97210612,1529.61877441406,1885,345.80197174201
-12359623.5454287,5722301.81710855,1529.52868652344,1890,345.80197174201
-12359624.7243307,5722306.6761115,1529.52868652344,1895,346.799905425303
-12359625.8467957,5722311.54846126,1529.52868652344,1900,347.797839071066
-12359626.9126724,5722316.43350235,1529.41479492188,1905,347.797839071066
-12359627.9218177,5722321.33057756,1529.41479492188,1910,348.795772741245
-12359628.8740956,5722326.23902807,1529.41479492188,1915,349.793706389884
-12359629.7693782,5722331.15819354,1529.16479492188,1920,349.793706389884
-12359630.6075448,5722336.08741217,1529.16479492188,1925,350.791640070227
-12359631.3884829,5722341.02602083,1529.16479492188,1930,351.78957371511
-12359632.1120872,5722345.97335511,1529.07312011719,1935,351.78957371511
-12359632.7782606,5722350.92874942,1529.07312011719,1940,352.787507386479
-12359633.3869132,5722355.89153711,1529.07312011719,1945,353.785441046235
-12359633.9379634,5722360.86105052,1528.96105957031,1950,353.785441046235
-12359634.4313368,5722365.83662107,1528.96105957031,1955,354.783374721594
-12359634.8669673,5722370.8175794,1528.96105957031,1960,355.781308370244
-12359635.244796,5722375.8032554,1528.79504394531,1965,355.781308370244
-12359635.5647723,5722380.79297832,1528.79504394531,1970,356.779242031518
-12359635.826853,5722385.7860769,1528.79504394531,1975,357.777175693748
-12359636.031003,5722390.78187939,1528.59313964844,1980,357.777175693748
-12359636.1771947,5722395.77971369,1528.59313964844,1985,358.775109354645
-12359636.2654085,5722400.77890743,1528.59313964844,1990,359.77304301867
-12359636.2956324,5722405.77878806,1528.40905761719,1995,359.77304301867
-12359636.2678626,5722410.77868291,1528.40905761719,2000,0.770976689083794
-12359636.1821026,5722415.77791935,1528.40905761719,2005,1.76891033349323
-12359636.038364,5722420.7758248,1528.26306152344,2010,1.76891033349323
-12359635.8366662,5722425.77172689,1528.26306152344,2015,2.76684401805683
-12359635.5770362,5722430.76495351,1528.26306152344,2020,3.76477766248867
-12359635.2595091,5722435.75483289,1527.98913574219,2025,3.76477766248867
-12359634.8841275,5722440.74069374,1527.98913574219,2030,4.76271132734655
-12359634.450942,5722445.72186529,1527.98913574219,2035,5.76064499915118
-12359633.9600108,5722450.69767741,1527.76904296875,2040,5.76064499915118
-12359633.4113999,5722455.66746068,1527.76904296875,2045,6.7585786518349
-12359632.8051832,5722460.63054652,1527.76904296875,2050,7.75651231418358
-12359632.1414422,5722465.58626722,1527.76611328125,2055,7.75651231418358
-12359631.4202662,5722470.53395607,1527.76611328125,2060,8.75444597555029
-12359630.6417523,5722475.47294744,1527.76611328125,2065,9.75237963925663
-12359629.8060052,5722480.40257689,1527.56408691406,2070,9.75237963925663
-12359628.9131373,5722485.3221812,1527.71008300781,2075,10.7503133051282
-12359627.9632687,5722490.23109853,1527.71008300781,2080,11.748246967928
-12359626.9565272,5722495.12866847,1527.57604980469,2085,11.748246967928
-12359625.8930483,5722500.01423213,1527.57604980469,2090,12.7461806287264
-12359624.772975,5722504.88713225,1527.57604980469,2095,13.7441142766843
-12359623.596458,5722509.74671325,1527.47802734375,2100,13.7441142766843
-12359622.3636556,5722514.59232138,1527.47802734375,2105,14.7420479573154
-12359621.0747337,5722519.42330472,1527.47802734375,2110,15.7399816067206
-12359619.7298657,5722524.23901335,1527.17004394531,2115,15.7399816067206
-12359618.3292324,5722529.0387994,1527.38403320312,2120,16.7379152765594
-12359616.8730224,5722533.82201715,1527.38403320312,2125,17.7358489452601
-12359615.3614314,5722538.58802309,1527.27807617188,2130,17.7358489452601
-12359613.794663,5722543.33617603,1527.27807617188,2135,18.7337825933162
-12359612.1729278,5722548.0658372,1527.27807617188,2140,19.7317162631755
-12359610.4964441,5722552.77637029,1527.18005371094,2145,19.7317162631755
-12359608.7654373,5722557.46714159,1527.18005371094,2150,20.7296499201879
-12359606.9801405,5722562.13752002,1527.39599609375,2155,21.7275835814914
-12359605.1407936,5722566.78687728,1527.18408203125,2160,21.7275835814914
-12359603.2476443,5722571.41458787,1527.18408203125,2165,22.7255172544904
-12359601.3009471,5722576.02002921,1527.18408203125,2170,23.7234509087427
-12359599.3009641,5722580.60258171,1527.18408203125,2175,23.7234509087427
-12359597.2479641,5722585.16162887,1527.40881347656,2180,24.7213845708276
-12359595.1422236,5722589.69655736,1527.40881347656,2185,25.7193182283013
-12359592.9840256,5722594.20675706,1527.40881347656,2190,25.7193182283013
-12359590.7736606,5722598.69162121,1527.21276855469,2195,26.7172519022382
-12359588.511426,5722603.15054645,1527.21276855469,2200,27.7151855512433
-12359586.1976261,5722607.5829329,1527.49279785156,2205,27.7151855512433
-12359583.8325722,5722611.98818427,1527.41870117188,2210,28.7131192129456
-12359581.4165824,5722616.3657079,1527.41870117188,2215,29.7110528812299
-12359578.9499818,5722620.71491486,1527.41870117188,2220,29.7110528812299
-12359576.4331022,5722625.03522006,1527.67053222656,2225,30.7089865537255
-12359573.8662823,5722629.32604226,1527.57458496094,2230,31.7069202005681
-12359571.2498673,5722633.5868042,1527.57458496094,2235,31.7069202005681
-12359568.5842093,5722637.81693268,1527.57458496094,2240,32.7048538711728
-12359565.8696668,5722642.0158586,1527.77453613281,2245,33.7027875192128
-12359563.1066051,5722646.18301706,1527.77453613281,2250,33.7027875192128
-12359560.2953959,5722650.31784746,1527.77453613281,2255,34.7007212017458
-12359557.4364173,5722654.41979351,1527.77453613281,2260,35.6986548448838
-12359554.5300541,5722658.48830336,1528.04260253906,2265,35.6986548448838
-12359551.5766972,5722662.52282968,1528.04260253906,2270,36.6965885209702
-12359548.5767439,5722666.52282968,1528.04260253906,2275,37.6945221778708
-12359545.5305978,5722670.48776523,1528.12451171875,2280,37.6945221778708
-12359542.4386688,5722674.41710292,1528.12451171875,2285,38.6924558344052
-12359539.3013728,5722678.31031411,1528.12451171875,2290,39.6903895050158
-12359536.1191318,5722682.16687505,1528.47058105469,2295,39.6903895050158
-12359532.8923741,5722685.9862669,1528.36853027344,2300,40.6883231592204
-12359529.6215336,5722689.76797583,1528.36853027344,2305,41.6862568187748
-12359526.3070505,5722693.51149307,1528.36853027344,2310,41.6862568187748
-12359522.9493706,5722697.21631499,1528.71655273438,2315,42.6841904988047
-12359519.5489457,5722700.88194317,1528.55090332031,2320,43.6821241455077
-12359516.1062332,5722704.50788448,1528.78491210938,2325,43.6821241455077
-12359512.6216962,5722708.09365108,1528.78491210938,2330,44.6800578171419
-12359509.0958037,5722711.63876059,1528.78491210938,2335,45.6779914719387
-12359505.5290298,5722715.14273607,1528.57690429688,2340,45.6779914719387
-12359501.9218546,5722718.60510612,1528.82897949219,2345,46.6759251327848
-12359498.2747632,5722722.02540493,1528.82897949219,2350,46.6759251327848
-12359494.5882463,5722725.40317236,1529.06799316406,2355,47.6738587954484
-12359490.8627998,5722728.73795399,1528.90795898438,2360,48.6717924613426
-12359487.098925,5722732.02930119,1528.90795898438,2365,48.6717924613426
-12359483.2971283,5722735.27677115,1529.08996582031,2370,49.6697261239433
-12359479.457921,5722738.47992699,1529.08996582031,2375,50.6676597797316
-12359475.5818198,5722741.63833777,1529.08996582031,2380,50.6676597797316
-12359471.6693459,5722744.75157859,1529.001953125,2385,51.6655934443224
-12359467.7210259,5722747.81923061,1529.001953125,2390,52.6635271104477
-12359463.7373909,5722750.84088113,1529.18798828125,2395,52.6635271104477
-12359459.7189769,5722753.81612364,1529.18798828125,2400,53.6614607647339
-12359455.6663243,5722756.74455786,1529.18798828125,2405,54.6593944376907
-12359451.5799785,5722759.62578984,1529.09802246094,2410,54.6593944376907
-12359447.4604892,5722762.45943195,1529.09802246094,2415,55.6573280939154
-12359443.3084106,5722765.24510297,1529.09802246094,2420,56.655261756171
-12359439.1243013,5722767.98242813,1529.25805664062,2425,56.655261756171
-12359434.9087242,5722770.67103918,1529.25805664062,2430,57.6531954163095
-12359430.6622464,5722773.3105744,1529.15197753906,2435,58.6511290777423
-12359426.3854393,5722775.9006787,1529.15197753906,2440,58.6511290777423
-12359422.0788781,5722778.44100362,1529.34399414062,2445,59.6490627408895
-12359417.7431423,5722780.9312074,1529.34399414062,2450,60.6469964093581
-12359413.3788152,5722783.37095502,1529.34399414062,2455,60.6469964093581
-12359408.9864839,5722785.75991827,1529.52099609375,2460,61.6449300614926
-12359404.5667393,5722788.09777574,1529.25903320312,2465,62.6428637278776
-12359400.120176,5722790.38421291,1529.4130859375,2470,62.6428637278776
-12359395.6473923,5722792.6189222,1529.4130859375,2475,63.6407973967304
-12359391.1489899,5722794.80160294,1529.5830078125,2480,64.6387310476674
-12359386.6255739,5722796.93196151,1529.5830078125,2485,64.6387310476674
-12359382.0777529,5722799.00971129,1529.75903320312,2490,65.6366647180756
-12359377.5061388,5722801.03457276,1529.75903320312,2495,66.6345983775259
-12359372.9113466,5722803.00627351,1529.44702148438,2500,66.6345983775259
-12359368.2939943,5722804.92454829,1529.58898925781,2505,67.6325320371845
-12359363.6547033,5722806.78913901,1529.58898925781,2510,68.630465696952
-12359358.9940976,5722808.59979484,1529.70300292969,2515,68.630465696952
-12359354.3128043,5722810.35627217,1529.70300292969,2520,69.628399360337
-12359349.6114532,5722812.05833471,1529.80505371094,2525,70.6263330294732
-12359344.8906766,5722813.70575347,1529.80505371094,2530,70.6263330294732
-12359340.1511098,5722815.29830681,1529.89501953125,2535,71.6242666822676
-12359335.3933903,5722816.83578049,1529.89501953125,2540,72.6222003523207
-12359330.6181583,5722818.31796767,1529.58898925781,2545,72.6222003523207
-12359325.8260562,5722819.74466895,1529.66918945312,2550,73.6201340083484
-12359321.0177285,5722821.11569237,1529.66918945312,2555,74.6180676687506
-12359316.1938223,5722822.4308535,1529.82312011719,2560,74.6180676687506
-12359311.3549866,5722823.68997541,1529.82312011719,2565,75.6160013375212
-12359306.5018722,5722824.8928887,1529.99914550781,2570,76.6139349936486
-12359301.6351321,5722826.03943153,1529.99914550781,2575,76.6139349936486
-12359296.755421,5722827.12944967,1530.13708496094,2580,77.6118686654472
-12359291.8633954,5722828.16279647,1530.13708496094,2585,78.6098023220788
-12359286.9597135,5722829.1393329,1530.28112792969,2590,78.6098023220788
-12359282.045035,5722830.05892759,1530.28112792969,2595,79.6077359763657
-12359277.1200209,5722830.92145684,1530.46911621094,2600,80.6056696488531
-12359272.185334,5722831.72680459,1530.46911621094,2605,80.6056696488531
-12359267.2416382,5722832.4748625,1530.42712402344,2610,81.6036033079389
-12359262.2895983,5722833.16552993,1530.42712402344,2615,82.6015369697108
-12359257.3298808,5722833.79871397,1530.66711425781,2620,82.6015369697108
-12359252.3631529,5722834.37432943,1530.66711425781,2625,83.5994706246937
-12359247.3900827,5722834.89229887,1530.92687988281,2630,84.5974042977305
-12359242.4113392,5722835.35255262,1530.92687988281,2635,84.5974042977305
-12359237.4275924,5722835.75502874,1531.2568359375,2640,85.5953379528914
-12359232.4395126,5722836.09967309,1531.2568359375,2645,86.5932716141129
-12359227.4477709,5722836.38643931,1531.2568359375,2650,86.5932716141129
-12359222.4530389,5722836.61528881,1531.67883300781,2655,87.5912052786337
-12359217.4559886,5722836.78619082,1531.67883300781,2660,88.5891389411728
-12359212.4572921,5722836.89912233,1532.10888671875,2665,88.5891389411728
-12359207.4576221,5722836.95406816,1532.10888671875,2670,89.5870726090183
-12359202.457651,5722836.95102091,1532.51281738281,2675,90.5850062653849
-12359197.4580517,5722836.88998099,1532.51281738281,2680,90.5850062653849
-12359192.4594966,5722836.77095661,1532.92883300781,2685,91.5829399224283
-12359187.4626583,5722836.59396379,1532.92883300781,2690,92.5808735906385
-12359182.4682089,5722836.35902634,1533.38488769531,2695,92.5808735906385
-12359177.4768205,5722836.06617587,1533.38488769531,2700,93.5788072514697
